Sprint,Persona,Feature,User Story,Acceptance Criteria,Story Points

# SPRINT 1: Foundation & Core Onboarding (Focus on A & H)

1,"Riya (New Distributor)","A. Onboarding","As a new distributor, I want to sign up for the app using my mobile phone so that I can start my journey","1. Mobile-optimized signup form with fields for name, phone, sponsor ID, Aadhar/PAN upload
2. Form validates all inputs before submission
3. Successful registration creates user account
4. Error messages are clear and actionable",5

1,"Riya (New Distributor)","A. Onboarding","As a new distributor, I want to receive welcome messages after signup so that I feel acknowledged and guided","1. Push notification sent within 5 seconds of signup
2. WhatsApp message delivered with welcome text
3. Messages contain next steps information
4. Messages are personalized with user's name",3

1,"Riya (New Distributor)","A. Onboarding","As a new distributor, I want to watch an intro video so that I understand the basics of the business","1. Video loads in < 3 seconds on 4G
2. Video plays without buffering
3. Video completion is tracked
4. Video has clear audio and subtitles",5

1,"Riya (New Distributor)","A. Onboarding","As a new distributor, I want to see a 'First 3 Steps' checklist so that I know what to do next","1. Checklist appears immediately after intro video
2. Each item has a checkbox that can be toggled
3. Progress is saved if app is closed
4. Completion status is visible on dashboard",3

1,"Riya (New Distributor)","A. Onboarding","As a new distributor, I want a personal dashboard with action tiles so that I can navigate to key functions","1. Dashboard loads in < 2 seconds
2. Contains tiles for 'Start Training', 'Track Progress', 'Invite Prospects'
3. Tiles are visually distinct and tappable
4. Dashboard state persists between sessions",5

1,"Riya (New Distributor)","H. Multilingual","As a Hindi-speaking distributor, I want to toggle between Hindi and English so that I can use the app in my preferred language","1. Language toggle is visible in settings
2. All UI text changes immediately upon selection
3. Selected language persists between sessions
4. All strings are properly translated without errors",8

1,"Admin/Ops (Priya)","H. Multilingual","As an admin, I want to manage multilingual content through external files so that translations can be updated without code changes","1. All UI strings are externalized to JSON/i18n files
2. Admin can upload new language files
3. Changes apply without app update
4. System validates format of uploaded files",5

# SPRINT 2: Training & Learning (Focus on B & D)

2,"Riya (New Distributor)","B. Training","As a distributor, I want to access structured training modules so that I can learn at my own pace","1. Training modules are organized by category
2. Progress is clearly indicated for each module
3. UI shows estimated time to complete each module
4. Recently viewed modules appear at the top",5

2,"Riya (New Distributor)","B. Training","As a distributor, I want to watch short training videos so that I can learn product information","1. Videos are 90 sec to 3 min in length
2. Videos load in < 2 seconds on 4G
3. Playback controls are intuitive
4. Video position is saved if interrupted",5

2,"Riya (New Distributor)","B. Training","As a distributor, I want to view PDFs and infographics so that I can reference key information","1. Documents load in < 3 seconds
2. Zoom and pan gestures work smoothly
3. Documents can be saved for offline viewing
4. Progress is marked when document is viewed",3

2,"Riya (New Distributor)","B. Training","As a distributor, I want to take quizzes after completing modules so that I can test my knowledge","1. Quizzes contain 5 questions per module
2. Questions are randomized from question bank
3. Passing score is clearly indicated (≥ 80%)
4. Results are shown immediately after completion",5

2,"Riya (New Distributor)","B. Training","As a distributor in a low-connectivity area, I want to cache content offline so that I can learn without constant internet","1. Content is automatically cached when viewed
2. Offline indicator shows cached status
3. Cached content is accessible without internet
4. App syncs progress when connectivity returns",8

2,"Riya (New Distributor)","D. Social Learning","As a distributor, I want to access discussion boards by topic so that I can learn from peers","1. Discussion boards are categorized by topic
2. Posts load in < 2 seconds
3. Users can create new topics and reply to existing ones
4. Search function finds relevant discussions",5

2,"Riya (New Distributor)","D. Social Learning","As a distributor, I want to interact with community content so that I can engage with other distributors","1. Users can upvote answers
2. @mention functionality works to tag other users
3. Emoji reactions are available and work correctly
4. Notifications are sent for mentions and replies",3

# SPRINT 3: Engagement & Analytics (Focus on C, E & F)

3,"Riya (New Distributor)","C. Motivation","As a distributor, I want to receive weekly motivational content so that I stay inspired","1. Content is pushed every Monday at 9 AM
2. Push notification links directly to content
3. Content varies between video/story/podcast
4. Content is relevant to direct selling motivation",3

3,"Riya (New Distributor)","C. Motivation","As a distributor, I want to earn badges and see my achievements so that I feel rewarded for my progress","1. Badges are awarded for specific achievements
2. Badge notifications appear immediately when earned
3. Badge collection is viewable in profile
4. Leaderboard shows top performers",5

3,"Riya (New Distributor)","E. Tracking","As a distributor, I want to view my personal progress metrics so that I can track my growth","1. Dashboard shows modules completed
2. Badges earned are displayed
3. Leads added and conversion rates are visible
4. Earnings to-date are accurately calculated",5

3,"Team Leader (Arjun)","E. Tracking","As a team leader, I want to view team performance metrics so that I can identify coaching opportunities","1. Team funnel metrics load in < 2 seconds on 4G
2. Data shows enrolled vs active distributors
3. Average quiz scores are calculated correctly
4. Revenue metrics are up-to-date and accurate",8

3,"Admin/Ops (Priya)","E. Tracking","As an admin, I want to export analytics data so that I can perform custom analysis","1. Export to CSV function works correctly
2. Google Sheets export creates properly formatted sheet
3. All relevant metrics are included in export
4. Export completes in < 10 seconds",3

3,"Riya (New Distributor)","F. Lead Generation","As a distributor, I want a shareable referral link and QR code so that I can easily invite prospects","1. Referral link is unique to each distributor
2. QR code generates correctly and is scannable
3. Link/QR directs prospects to signup flow
4. Distributor gets notification when link is used",5

3,"Riya (New Distributor)","F. Lead Generation","As a distributor, I want to create a simple landing page so that I can personalize my prospect outreach","1. Landing page builder has intuitive interface
2. Changes preview in real-time
3. Published page loads in < 3 seconds
4. Analytics show page visits and conversions",8

# SPRINT 4: Automation, Compliance & Polish (Focus on F, G & Refinement)

4,"Riya (New Distributor)","F. Lead Generation","As a distributor, I want automated follow-ups sent to my prospects so that I don't miss opportunities","1. System sends WhatsApp/SMS at Day 1, 3, 7
2. Messages are customizable but have compliant templates
3. Distributor can see status of automated messages
4. Prospect can opt-out via standard mechanism",5

4,"Riya (New Distributor)","D. Social Learning","As a distributor, I want one-tap access to WhatsApp/Telegram groups so that I can get quick answers","1. Deep links to existing groups work correctly
2. Groups are categorized by purpose
3. Most active groups appear at the top
4. New groups can be added by admins",2

4,"Riya (New Distributor)","G. Compliance","As a distributor, I want to complete mandatory compliance training so that I can operate ethically","1. Compliance lessons are clearly marked as mandatory
2. Payout section is blocked until completion
3. Digital acknowledgment is recorded with timestamp
4. Compliance status is visible to team leaders",5

4,"Team Leader (Arjun)","G. Compliance","As a team leader, I want to monitor team compliance so that I can ensure ethical operations","1. Dashboard shows compliance status for all team members
2. Filters allow sorting by compliance status
3. One-click reminder can be sent to non-compliant members
4. Compliance reports can be generated",3

4,"Admin/Ops (Priya)","G. Compliance","As an admin, I want to push compliance updates so that all distributors stay informed of policy changes","1. Push alerts are sent to all users for policy updates
2. Digital acknowledgment is required and tracked
3. Reports show acknowledgment rates
4. Content of updates is version controlled",5

4,"Admin/Ops (Priya)","B. Training","As an admin, I want to upload and manage content so that training stays current","1. Content management interface is intuitive
2. Uploads process in background with progress indicator
3. Content can be scheduled for future release
4. Old content can be archived but remains accessible",8

4,"Team Leader (Arjun)","C. Motivation","As a team leader, I want to issue certificates to my team members so that I can recognize achievements","1. Certificate templates are customizable
2. Certificates can be issued to individuals or groups
3. Recipients get notification of certificate
4. Certificates are downloadable and shareable",3

4,"Admin/Ops (Priya)","E. Tracking","As an admin, I want to view macro analytics so that I can assess overall program effectiveness","1. Dashboard shows company-wide metrics
2. Data can be filtered by date range, region, product
3. Trends are visualized with appropriate charts
4. System handles large data sets without performance issues",5